,,INPUT PARAMETERS,,,,,,,,,OUTPUT,,,,,,
City,Date,PM2.5,PM10,NO,NO2,NOx,NH3,CO,SO2,O3,AQI,,,,,, 
Mumbai,6/3/2019,16.91,45.9,26.45,11.69,38.15,7.21,1.29,13.11,24.56,81,,,,,,
Mumbai,6/4/2019,14.51,49.54,16.3,7.05,23.25,7.47,0.68,7.54,18.91,66,,,,,,
Mumbai,6/5/2019,16.41,53.63,12.61,6.38,18.98,8.87,0.63,9.08,17.04,64,,,,,,
Mumbai,6/6/2019,12.41,57.2,17.28,8.5,25.75,10.61,0.58,9.9,18.84,65,,,,,,
Mumbai,6/7/2019,12.86,65.7,23.87,11.45,35.29,11.13,0.5,10.37,17.37,72,,,,,,
Mumbai,6/8/2019,14.42,77.47,25.34,11.93,36.46,9.55,0.52,8.74,18.69,77,,,,,,
Mumbai,6/9/2019,16.3,85.38,27.75,11.54,38.53,8.39,0.55,9.59,15.94,86,,,,,,
Mumbai,6/10/2019,18.41,75.69,27.33,20.97,48.3,16.2,0.68,9.76,22.76,87,,,,,,
Mumbai,6/11/2019,18.13,50.39,22.23,28.04,50.27,18.1,0.7,9.34,30.22,90,,,,,,
Mumbai,6/12/2019,15.48,46.88,25.57,19.26,44.77,17.14,0.63,9.46,20.67,71,,,,,,
Mumbai,6/13/2019,13.64,57.28,21.6,15.52,36.51,15.49,0.53,8.57,21.85,61,,,,,,
Mumbai,6/14/2019,15.87,56.1,23.48,13.6,36.99,14.05,0.53,9.5,13.58,69,,,,,,
Mumbai,6/15/2019,13.97,48.22,23.56,14.4,37.27,13.96,0.51,10.38,12.83,62,,,,,,
Mumbai,6/16/2019,11.64,55.6,17.38,9.91,26.09,10.25,0.33,9.73,14.62,58,,,,,,
Mumbai,6/17/2019,12.33,59.29,17.32,9.55,26.02,9.36,0.44,10.37,14.3,60,,,,,,
Mumbai,6/18/2019,14.3,52.99,17.55,11.91,29.1,8.75,0.51,10.39,14.79,65,,,,,,
Mumbai,6/19/2019,14.45,56.82,22.59,13.23,34.57,9.6,0.53,10.8,12.38,61,,,,,,
Mumbai,6/20/2019,15.98,82.29,27.03,11.25,35.37,8.91,0.48,10.9,13,80,,,,,,
Mumbai,6/21/2019,16.49,78.83,26.62,11.72,35.38,9.47,0.46,11.22,12.15,82,,,,,,
Mumbai,6/22/2019,19.33,88.55,25.32,13.33,35.7,10.41,0.46,11.19,13.26,84,,,,,,
Mumbai,6/23/2019,18.81,88.85,22.83,13.27,33.94,9.22,0.43,11.77,13.74,90,,,,,,
Mumbai,6/24/2019,20.36,80.85,20.8,15.53,36.33,8.51,0.54,12.04,13.16,92,,,,,,
Mumbai,6/25/2019,17.72,53.76,30.17,14.17,44.24,12.19,0.52,11.48,14.9,71,,,,,,
Mumbai,6/26/2019,15.04,49.61,27.65,13.16,40.77,12.07,0.47,11.63,13.43,63,,,,,,
Mumbai,6/27/2019,10.52,31.79,29.74,14.18,43.92,12.66,0.51,10.94,13.41,60,,,,,,
Mumbai,6/28/2019,7.2,31.49,21.04,11.4,32.43,8.71,0.44,9.39,16.47,59,,,,,,
Mumbai,6/29/2019,10.31,34.34,19.59,15.26,34.84,7.86,0.49,9.21,19.59,63,,,,,,
Mumbai,6/30/2019,11.91,39.11,22.59,15.23,35.8,7.93,0.53,9.42,14.72,59,,,,,,
Mumbai,7/1/2019,8.73,24.69,21.26,17.34,38.51,7.62,0.55,11.08,17.01,59,,,,,,
Mumbai,7/2/2019,9.86,21.58,27.78,19.56,47.34,11.71,0.59,12.53,14.59,61,,,,,,
Mumbai,7/3/2019,13.44,31.61,37.74,17.27,54.8,12.88,0.62,13.27,12.88,67,,,,,,
Mumbai,7/4/2019,16.28,43.96,44.97,14.32,58.4,10.29,0.72,12.93,12.16,68,,,,,,
Mumbai,7/5/2019,13.97,53.1,31.89,13.72,44.87,11,0.57,12.61,12.64,84,,,,,,
Mumbai,7/6/2019,10.48,46.43,20.99,11.91,30.74,7.73,0.42,11.13,14.05,57,,,,,,
Mumbai,7/7/2019,17.65,82.39,20.06,9.3,29.25,5.74,0.42,11.35,15.25,76,,,,,,
Mumbai,7/8/2019,9.78,54.07,22.01,12.64,34.24,6.49,0.44,11.47,14.2,84,,,,,,
Mumbai,7/9/2019,10.49,45.85,18.6,10.51,28.55,6.16,0.41,10.75,14.75,61,,,,,,
Mumbai,7/10/2019,8.69,28.14,25.96,12.99,38.82,6.27,0.47,9.36,12.85,59,,,,,,
Mumbai,7/11/2019,11,49.5,28.42,10.58,37.52,8.24,0.41,7.28,12.22,67,,,,,,
Mumbai,7/12/2019,11.6,48.04,24.42,11.89,35.3,6.75,0.44,7.21,13.87,72,,,,,,
Mumbai,7/13/2019,11.06,44.93,25.43,11.47,36.87,5.61,0.44,7.38,11.65,63,,,,,,
Mumbai,7/14/2019,9.18,43.54,26.83,9.99,36.79,5.43,0.44,8,13.45,65,,,,,,
Mumbai,7/15/2019,10.76,57,22.66,9.99,32.65,6.57,0.43,8.18,13.18,66,,,,,,
Mumbai,7/16/2019,11.46,51.18,28.27,9.44,37.71,7.03,0.45,8.32,11.87,66,,,,,,
Mumbai,7/17/2019,14.55,59.21,27.74,9.47,37.14,11.05,0.49,8.6,12.26,69,,,,,,
Mumbai,7/18/2019,14.07,62.65,24.18,11.3,35.47,14.42,0.46,9.19,12.41,70,,,,,,
Mumbai,7/19/2019,18.79,78.75,28.95,13.24,42.14,17.49,0.51,10,12.25,77,,,,,,
Mumbai,7/20/2019,18.67,57.53,32.17,16.96,49.09,17.58,0.62,9.35,12.88,78,,,,,,
Mumbai,7/21/2019,22.6,48.5,33.18,19.66,52.83,16.54,0.71,9.54,16.46,79,,,,,,
Mumbai,7/22/2019,11.58,32.14,21.45,16.13,37.5,16.04,0.55,8.73,17.35,64,,,,,,
Mumbai,7/23/2019,7.33,25.93,22.41,15.21,37.59,14.29,0.4,8.17,15.68,55,,,,,,
Mumbai,7/24/2019,7.93,22.05,22.44,13.77,36.2,13.52,0.28,7.67,15.25,51,,,,,,
Mumbai,7/25/2019,14.23,42.48,26.43,13.12,39.55,13.69,0.31,8.02,14.15,56,,,,,,
Mumbai,7/26/2019,11.83,41.53,21.56,10.47,32.01,12.09,0.27,8.06,14.63,59,,,,,,
Mumbai,7/27/2019,11.84,43.68,17.04,10.49,26.48,10.02,0.43,7.62,17.47,56,,,,,,
Mumbai,7/28/2019,14.16,53.66,17.06,9.9,25.59,9.87,0.46,8.41,16.94,61,,,,,,
Mumbai,7/29/2019,12.93,47.19,17.86,10.8,27.06,13.77,0.51,8.57,13.16,65,,,,,,
Mumbai,7/30/2019,10.37,32.95,23.37,12.72,33.95,15.65,0.46,7.7,15.39,58,,,,,,
Mumbai,7/31/2019,9.25,33.22,18.95,11.75,30.2,18.33,0.46,7.75,14.5,56,,,,,,
Mumbai,8/1/2019,9.44,38.95,18.22,10.59,27.45,16.59,0.43,7.93,14.61,58,,,,,,
Mumbai,8/2/2019,7.97,29.55,18.23,9.89,27.33,16.34,0.4,8.6,13.84,56,,,,,,
Mumbai,8/3/2019,8.06,23.05,16.04,8.7,24.19,15.24,0.39,10.29,13.76,49,,,,,,
Mumbai,8/4/2019,10.3,35.88,15.93,7.87,23.05,12.79,0.4,10.12,13.98,48,,,,,,
Mumbai,8/5/2019,11.9,41.42,18.87,9.02,26.81,12.44,0.42,10.04,12.85,56,,,,,,
Mumbai,8/6/2019,10.6,41.04,23.34,9.73,31.87,12.25,0.44,9.83,11.1,59,,,,,,
Mumbai,8/7/2019,12.73,51.39,24.49,9.14,32.45,11.54,0.43,9.37,12.52,60,,,,,,
Mumbai,8/8/2019,18.67,72.32,23.89,9.7,32.84,11.17,0.44,9.46,12.52,69,,,,,,
Mumbai,8/9/2019,18.48,66.95,19.78,8.54,28.11,10.95,0.43,9.26,11.43,74,,,,,,
Mumbai,8/10/2019,18.71,76.53,18,7.54,23.54,9.67,0.41,9.13,12.07,78,,,,,,
Mumbai,8/11/2019,15.56,62.75,19.14,7.74,25.2,8.21,0.43,8.71,12.19,72,,,,,,
Mumbai,8/12/2019,12.73,56.76,20.93,7.92,28.39,8.78,0.45,7.44,11.54,66,,,,,,
Mumbai,8/13/2019,13.07,52.56,28.81,10.19,38.17,10.04,0.54,8.19,9.89,66,,,,,,
Mumbai,8/14/2019,15.06,61.4,27.53,12.45,39.97,10.91,0.57,8.64,10.8,69,,,,,,
Mumbai,8/15/2019,11.75,47.84,23.11,10.33,33.42,10.23,0.53,9.53,12.32,70,,,,,,
Mumbai,8/16/2019,11.89,51.78,21.54,9.91,31.39,8.81,0.52,9.55,12.81,60,,,,,,
Mumbai,8/17/2019,13.3,64.05,17.68,9.24,26.81,8.8,0.52,7.74,13.62,67,,,,,,
Mumbai,8/18/2019,11.37,52.68,20.6,8.69,29.22,8.62,0.55,7.38,11.22,65,,,,,,
Mumbai,8/19/2019,11.44,53.12,23.24,9.8,32.29,10.27,0.54,8.07,10.44,67,,,,,,
Mumbai,8/20/2019,13.78,63.94,25.29,11.11,35.44,8.67,0.51,8.9,10.72,73,,,,,,
Mumbai,8/21/2019,15.77,53.39,21.95,11.06,32.19,5.67,0.52,8.59,11.15,68,,,,,,
Mumbai,8/22/2019,12.96,53.14,22.39,10.74,32.56,7.52,0.55,9.01,10.33,62,,,,,,
Mumbai,8/23/2019,16.01,52.92,23.11,11.58,34.04,12.92,0.6,9.56,9.38,64,,,,,,
Mumbai,8/24/2019,18.56,49.36,18.39,10.06,27.72,12.42,0.58,9.6,11.89,62,,,,,,
Mumbai,8/25/2019,12.37,47.31,24.17,11.86,35.08,12.82,0.69,11.14,8.11,66,,,,,,
Mumbai,8/26/2019,14.76,59.08,24.26,11.3,34.95,15.1,0.64,12.3,8.62,73,,,,,,
Mumbai,8/27/2019,13.53,55.06,22.73,10.38,32.22,14.52,0.35,11.97,10.51,64,,,,,,
Mumbai,8/28/2019,12.75,45,18.89,9.91,28.73,19.5,0.46,11.47,9.27,53,,,,,,
Mumbai,8/29/2019,13.24,46.32,22.52,10.03,32.28,15.95,0.66,11.13,8.93,57,,,,,,
Mumbai,8/30/2019,11.17,39.63,27.41,10.86,37.62,16.12,0.67,10.95,7.12,62,,,,,,
Mumbai,8/31/2019,11.53,42.24,23.87,11.28,34.6,15.21,0.63,11.18,8.93,62,,,,,,
Mumbai,9/1/2019,9.75,32.99,25.25,10.74,35.69,11.7,0.65,11.02,10.84,62,,,,,,
Mumbai,9/2/2019,12.12,41.22,24.24,9.33,32.13,9.82,0.71,10.89,8.56,67,,,,,,
Mumbai,9/3/2019,6.72,21.31,22.59,11.46,33.25,11.08,0.64,10.98,9.87,60,,,,,,
Mumbai,9/4/2019,7.68,20.72,16.94,12.01,28.84,12.63,0.62,11.23,9.36,54,,,,,,
Mumbai,9/5/2019,5.68,20.38,13.76,10.54,24.08,12.98,0.6,11.37,10.26,49,,,,,,
Mumbai,9/6/2019,7.6,29.36,12.54,10.81,23.05,11.7,0.57,10.93,9.62,47,,,,,,
Mumbai,9/7/2019,10.71,34.27,13.36,11.97,24.75,10.07,0.62,11.08,9.12,49,,,,,,
Mumbai,9/8/2019,8.69,29.63,13.52,13.69,26.66,9,0.67,11.81,12.28,51,,,,,,
Mumbai,9/9/2019,12.07,46.77,14.4,12.67,26.77,9.16,0.57,12.02,9.24,54,,,,,,
Mumbai,9/10/2019,13.89,51.1,10.6,12.29,22.61,9.89,0.39,11.8,10.38,54,,,,,,
Mumbai,9/11/2019,14.62,47.04,20.44,13.79,33.46,10.31,0.52,12.02,7.52,55,,,,,,
Mumbai,9/12/2019,10.93,41.79,13.61,12.54,23.65,10.26,0.44,11.38,7.84,55,,,,,,
Mumbai,9/13/2019,12.93,39.62,24.34,13.82,38.08,11.37,0.54,12,7.08,53,,,,,,
Mumbai,9/14/2019,13.24,54.5,17.51,12.13,29.52,11.01,0.46,11.58,9.01,60,,,,,,
Mumbai,9/15/2019,10.85,32.85,18.68,17.71,35.25,9.14,0.62,11.31,12.04,57,,,,,,
Mumbai,9/16/2019,11.95,45.25,31.62,13.78,44.35,19.52,0.57,12.4,7.17,65,,,,,,
Mumbai,9/17/2019,16.24,43.48,31.84,12.93,44.44,15.38,0.59,11.46,8.24,64,,,,,,
Mumbai,9/18/2019,17.95,42.66,36.78,17.44,52.32,14.89,0.8,12.06,7.93,80,,,,,,
Mumbai,9/19/2019,21.73,38.49,15.81,30.97,46.79,13.33,0.83,11.61,18.46,83,,,,,,
Mumbai,9/20/2019,14.94,34.2,17.92,21.94,39.84,17.44,0.75,10.98,10.91,73,,,,,,
Mumbai,9/21/2019,12.09,33,20.6,16.97,37.44,15.24,0.47,8.75,11.09,57,,,,,,
Mumbai,9/22/2019,15.09,44.55,15.96,15.95,31.9,12.04,0.45,6.85,11.12,56,,,,,,
Mumbai,9/23/2019,18.6,57.85,20.12,13.64,33.08,13.89,0.55,7.6,8.68,64,,,,,,
Mumbai,9/24/2019,15.04,59.47,21.42,12.38,32.84,11.16,0.57,7.4,9.33,67,,,,,,
Mumbai,9/25/2019,16.9,37.22,20.46,22.09,42,11.57,0.67,7.63,10.74,64,,,,,,
Mumbai,9/26/2019,17.28,39.46,22.87,19.61,41.89,19.44,0.67,7.97,10.72,70,,,,,,
Mumbai,9/27/2019,8.39,22.71,15.69,12.29,27.95,14.47,0.39,7.44,10.11,49,,,,,,
Mumbai,9/28/2019,8.32,27.38,18.67,10.2,28.84,16.88,0.28,7.82,7.38,40,,,,,,
Mumbai,9/29/2019,9.62,32.07,17.97,9.67,27.5,12.28,0.28,8.2,7.3,42,,,,,,
Mumbai,9/30/2019,8.33,26.16,21.75,9.8,31.46,12.68,0.32,8.42,6.25,41,,,,,,
Mumbai,10/1/2019,10.46,42.8,25.55,8.67,33.31,12.79,0.35,8.4,6.29,50,,,,,,
Mumbai,10/2/2019,16.15,56.33,28.85,11.75,39.43,14.04,0.47,8.57,8,64,,,,,,
Mumbai,10/3/2019,17.62,52.25,27.17,14.41,40.88,13.22,0.66,8.76,8.22,68,,,,,,
Mumbai,10/4/2019,24.77,64.32,24.94,18.88,42.97,13.33,0.71,9.19,10.65,72,,,,,,
Mumbai,10/5/2019,32.11,74.94,30.47,23.52,52.77,17.09,1.19,9.91,15.35,96,,,,,,
Mumbai,10/6/2019,35.13,77.75,27.92,27.19,53.84,14.61,0.83,11.47,27.28,99,,,,,,
Mumbai,10/7/2019,45.48,88.32,17.51,26.69,42.85,14,0.84,10.13,26.16,93,,,,,,
Mumbai,10/8/2019,54.08,99.28,11.83,26.33,36.78,12.48,1.45,10.18,27.71,112,,,,,,
Mumbai,10/9/2019,21.6,49.28,17.6,27.88,45.09,13.27,1.02,10.08,20.53,90,,,,,,
Mumbai,10/10/2019,39.03,81.82,22.43,33.69,55.32,13.7,0.89,11.46,24.9,89,,,,,,
Mumbai,10/11/2019,39.11,77.93,16.68,34.85,51.5,19.65,1.12,11.26,30.85,118,,,,,,
Mumbai,10/12/2019,49.37,103.99,23.95,32.46,56.41,15.3,0.83,12.09,32.79,110,,,,,,
Mumbai,10/13/2019,42.92,88.36,19.99,30.6,50.59,13.69,1.54,12.81,27.03,112,,,,,,
Mumbai,10/14/2019,55.33,112.01,21.2,32.7,53.9,14.9,0.98,13.2,25.92,117,,,,,,
Mumbai,10/15/2019,50.61,111.2,21.49,33.54,55.03,14.75,1.15,14.05,26.74,116,,,,,,
Mumbai,10/16/2019,49.19,118.26,22.95,35.06,57.99,15.33,1.24,14.7,29.97,121,,,,,,
Mumbai,10/17/2019,56.89,126.82,18.2,34.5,52.69,15.51,1.22,13.74,38.93,135,,,,,,
Mumbai,10/18/2019,62.55,129.06,31.34,35.88,67,18.73,1.19,13.29,13.21,135,,,,,,
Mumbai,10/19/2019,28.56,48.57,34.93,24.93,59.86,19.56,1.08,11.67,8.47,99,,,,,,
Mumbai,10/20/2019,15.09,29.91,26.82,21,46.26,21.13,1.19,11.06,8.69,86,,,,,,
Mumbai,10/21/2019,17.75,41.34,20.91,20.24,39.17,19.3,1.03,10.82,15.31,81,,,,,,
Mumbai,10/22/2019,17.92,44.55,19.12,22.87,40.4,15.09,1.04,10.54,15.92,76,,,,,,
Mumbai,10/23/2019,17.85,41.64,39.34,18.52,55.43,16.18,0.89,11.87,7.6,72,,,,,,
Mumbai,10/24/2019,30.71,72.1,41.44,24.2,63.53,17.51,1.04,12.45,8.38,87,,,,,,
Mumbai,10/25/2019,20.04,46.59,24.72,23.05,47.77,16.19,0.93,10.47,6.84,82,,,,,,
Mumbai,10/26/2019,25.58,57.91,35.65,18.86,54.15,15.37,0.91,9.45,8.26,69,,,,,,
Mumbai,10/27/2019,39.09,76.14,38.01,15.53,52.34,19.28,0.93,9.28,11.02,105,,,,,,
Mumbai,10/28/2019,53.5,91.27,23.72,17.36,40.97,17.58,0.68,9.61,13.97,92,,,,,,
Mumbai,10/29/2019,56.28,102.53,21.95,25.2,46.88,14.21,0.67,13.83,20.94,113,,,,,,
Mumbai,10/30/2019,40.81,84.5,19.68,25.09,44.63,13.88,0.83,13.26,16.87,97,,,,,,
Mumbai,10/31/2019,25.37,77.85,23.35,26.43,49.77,14.51,0.8,14.56,11.5,81,,,,,,
Mumbai,11/1/2019,16.55,57.59,20.48,25.78,44.17,14.82,0.65,14.62,13.02,77,,,,,,
Mumbai,11/2/2019,11.99,39.96,18.12,23.12,41.17,16.57,0.64,14.22,9.88,57,,,,,,
Mumbai,11/3/2019,20.09,62.74,25.17,23.86,48.84,17.7,0.72,15.36,10.7,71,,,,,,
Mumbai,11/4/2019,28.41,66.83,21.88,26.02,47.57,13.52,0.84,13.21,16.42,78,,,,,,
Mumbai,11/5/2019,36.96,76.94,12.57,30.58,42.93,14.93,0.85,15.39,22.29,79,,,,,,
Mumbai,11/6/2019,52.87,101.96,25.56,37.21,62.77,15.25,1.01,12.45,20.34,105,,,,,,
Mumbai,11/7/2019,19.26,52.22,9.35,20.79,30.05,13.56,0.61,9.31,13.36,84,,,,,,
Mumbai,11/8/2019,12.19,41.81,13.33,22.57,35.9,11.76,0.61,8.53,15.25,57,,,,,,
Mumbai,11/9/2019,27.12,73.34,18.64,31.47,50.12,13.91,0.8,8.97,14.44,82,,,,,,
Mumbai,11/10/2019,49.51,98.73,26.17,30.33,56.49,13.09,1.02,9.21,21.17,97,,,,,,
Mumbai,11/11/2019,57.72,106.42,18.86,39.04,57.85,13.54,1.12,10.26,26.65,108,,,,,,
Mumbai,11/12/2019,69.7,132.42,23.32,42.53,65.85,15.99,1.21,12.41,32.22,134,,,,,,
Mumbai,11/13/2019,64.9,122.75,19.44,47.12,66.57,17.01,1.03,9.55,28.58,140,,,,,,
Mumbai,11/14/2019,62.54,123.27,17.52,45.44,62.96,17.78,0.79,11.34,31.66,128,,,,,,
Mumbai,11/15/2019,69.75,128.01,17.47,48.03,65.5,18.87,0.88,10.86,29.62,131,,,,,,
Mumbai,11/16/2019,77.05,135.69,15.82,42.82,58.64,19.51,0.86,15.39,31.08,149,,,,,,
Mumbai,11/17/2019,70.89,123.26,15.95,35.4,51.35,17.79,0.93,21.01,28.13,149,,,,,,
Mumbai,11/18/2019,72.13,125.42,10.68,41.1,51.78,16.91,0.89,14.91,40.98,140,,,,,,
Mumbai,11/19/2019,90.92,163.46,23.24,52.54,75.78,16.51,1.17,10.58,33.36,184,,,,,,
Mumbai,11/20/2019,91.86,171.91,29.09,51.64,80.72,19.47,1.22,10.92,33.38,209,,,,,,
Mumbai,11/21/2019,92.37,167.92,23.58,49.5,73.07,20.64,1.16,11.59,29.5,209,,,,,,
Mumbai,11/22/2019,87.03,163.02,22.99,47.1,70.08,19.7,1.07,17.75,31.78,208,,,,,,
Mumbai,11/23/2019,82.21,154.89,25.47,42.15,67.69,18.22,1.08,16.27,28.57,184,,,,,,
Mumbai,11/24/2019,82.78,149.57,17.24,41.2,58.43,16.35,0.98,15.66,40.96,176,,,,,,
Mumbai,11/25/2019,89.06,159.83,20.65,44.9,65.55,16.88,1.06,13.78,36.41,190,,,,,,
Mumbai,11/26/2019,83.45,158.37,28.52,47.23,75.75,16.93,1.07,17.3,39.16,193,,,,,,
Mumbai,11/27/2019,73.81,143.06,33.12,40.31,73.44,17.02,0.94,16.55,23.19,173,,,,,,
Mumbai,11/28/2019,71.95,142.88,23.35,49.86,73.14,19.14,1.1,17.73,35.46,146,,,,,,
Mumbai,11/29/2019,81.38,148.72,32.36,43.02,75.1,19.31,1.21,16.65,28.14,163,,,,,,
Mumbai,11/30/2019,87.36,158.29,22.47,44.13,65.12,18.8,1.05,17.05,31.04,186,,,,,,
Mumbai,12/1/2019,94.89,168.1,34.82,40.69,75.49,18.47,1.27,16.74,27.11,212,,,,,,
Mumbai,12/2/2019,64.67,120.78,17.63,36.01,53.64,17.11,1.02,14.84,29.09,174,,,,,,
Mumbai,12/3/2019,39.87,98.1,25.44,33.4,58.85,18.28,0.93,14.4,20.33,115,,,,,,
Mumbai,12/4/2019,49.87,109.16,22.61,33.59,56.18,18.07,0.89,10.19,25.2,99,,,,,,
Mumbai,12/5/2019,65.29,121.72,23.97,36.28,59.59,34.63,1.01,9.91,19.03,111,,,,,,
Mumbai,12/6/2019,83.28,149.35,21.27,37.76,57.07,21.47,1,11.19,25.39,180,,,,,,
Mumbai,12/7/2019,70.54,140.48,22.79,42.12,63.02,19.52,0.96,10.58,33.03,154,,,,,,
Mumbai,12/8/2019,88.13,157.73,16.35,43.61,58.8,18.82,1.05,11.77,39.85,174,,,,,,
Mumbai,12/9/2019,82.73,147.34,20.08,42.56,60.95,18.14,1.14,12.12,37.94,205,,,,,,
Mumbai,12/10/2019,82.73,150.62,23.16,46.79,68.58,20.61,1.22,13.51,37.99,171,,,,,,
Mumbai,12/11/2019,95.77,169.34,28.29,44.51,71.52,21.34,1.29,14.82,28.02,198,,,,,,
Mumbai,12/12/2019,95.21,169.26,39.47,41.68,79.89,19.77,1.32,16.04,31.95,229,,,,,,
Mumbai,12/13/2019,72.43,132.97,19.79,39.02,57.49,17.73,1.02,14.48,32.43,203,,,,,,
Mumbai,12/14/2019,50.06,110.41,25.28,36.34,60.45,16.16,0.99,12.67,33.34,110,,,,,,
Mumbai,12/15/2019,69.63,143.27,26.16,40.24,65.19,15.63,1.15,12.47,34.86,128,,,,,,
Mumbai,12/16/2019,89.46,161.83,29.25,39.26,67.28,16.79,1.34,13.46,33.36,180,,,,,,
Mumbai,12/17/2019,80.42,149.67,29.99,37.31,66.23,17.29,1.18,10.74,38.95,191,,,,,,
Mumbai,12/18/2019,73.92,137.11,22.08,37.22,59.3,17.01,0.92,10.17,40.44,164,,,,,,
Mumbai,12/19/2019,75.17,138.83,26.2,38.8,64.03,17.47,0.98,9.88,35.35,164,,,,,,
Mumbai,12/20/2019,94.27,169.49,32.6,49.03,79.62,18.38,1.14,10.1,39.76,187,,,,,,
Mumbai,12/21/2019,94.04,174.95,43.51,45.96,88.32,18.72,1.25,10.79,27.67,212,,,,,,
Mumbai,12/22/2019,94.72,171.39,32.75,41.58,72.93,19.23,1.21,11.57,26.98,225,,,,,,
Mumbai,12/23/2019,94.33,167.3,35.31,37.77,72.19,20.09,1.18,13.41,30.36,214,,,,,,
Mumbai,12/24/2019,122.89,205.91,30.94,46.54,77.07,23.81,1.28,11.52,41.44,250,,,,,,
Mumbai,12/25/2019,134.32,215.78,24.85,44.73,69.58,23.2,1.26,10.77,28.58,283,,,,,,
Mumbai,12/26/2019,87.5,152.83,24.13,34.22,58.34,21.21,0.98,10.49,29.76,268,,,,,,
Mumbai,12/27/2019,88.03,154.44,30.85,39.77,70.12,19.47,1.02,10.27,32.89,184,,,,,,
Mumbai,12/28/2019,75.77,140.33,28.21,35.86,63.78,18.35,0.98,8.75,33.43,167,,,,,,
Mumbai,12/29/2019,75.81,145.75,26.83,36.07,62.91,18.59,0.98,9.36,36.88,160,,,,,,
Mumbai,12/30/2019,86.42,155.08,27.84,36.03,62.84,18.84,1.03,9.28,41.98,181,,,,,,
Mumbai,12/31/2019,65.76,127.82,16.87,37.46,54.33,15.52,0.82,10.47,56.55,159,,,,,,
Mumbai,1/1/2020,104.06,183.88,40.17,46.39,85.81,15.69,1.22,10.98,45.97,194,,,,,,
Mumbai,1/2/2020,107.87,171.73,14.73,41.14,55.87,16.86,1.02,8.03,48.34,260,,,,,,
Mumbai,1/3/2020,93.64,157.8,18.77,40.42,59.18,15.47,0.97,7.94,48.31,221,,,,,,
Mumbai,1/4/2020,94.05,158.44,13.92,39.68,53.59,15.1,0.96,6.66,49.76,225,,,,,,
Mumbai,1/5/2020,91.04,162.68,28.01,39.93,67.61,16.3,1.1,7.9,39.59,229,,,,,,
Mumbai,1/6/2020,70.2,142.64,24.3,38.91,63.21,18.3,1.01,8.68,43.46,157,,,,,,
Mumbai,1/7/2020,87.2,165.84,44.5,42.33,85.98,21.67,1.29,9.46,31.33,177,,,,,,
Mumbai,1/8/2020,64.97,120.55,23.68,29.07,50.91,18.76,0.89,7.73,36.12,166,,,,,,
Mumbai,1/9/2020,59.98,126.87,16.13,38.98,54.9,15.59,0.85,8.96,39.85,122,,,,,,
Mumbai,1/10/2020,65.06,143.74,22.62,43.01,65.51,14.29,0.93,10.04,36.59,127,,,,,,
Mumbai,1/11/2020,76.71,162.07,31.83,43.56,72.78,22.54,1.08,10.12,38.7,151,,,,,,
Mumbai,1/12/2020,98.12,194.66,57.3,38.02,92.98,26.77,1.47,10.84,33.46,211,,,,,,
Mumbai,1/13/2020,68.39,120.46,18.8,29.65,47.02,23.91,0.84,6.73,28.54,178,,,,,,
Mumbai,1/14/2020,36.33,97.67,21.17,26.54,46.51,18.73,0.7,6.28,30.25,100,,,,,,
Mumbai,1/15/2020,30.53,91.62,18.69,30.43,49.11,15.37,0.65,6.32,37.85,97,,,,,,
Mumbai,1/16/2020,34.16,84.73,15.66,31.54,47.2,16.18,0.66,5.95,37.14,90,,,,,,
Mumbai,1/17/2020,51,115.87,21.31,41.19,62.5,15.45,0.68,6.3,38.68,93,,,,,,
Mumbai,1/18/2020,87.28,167.77,21.29,55.99,77.28,18.35,0.98,7.63,37.57,160,,,,,,
Mumbai,1/19/2020,96.1,195.03,48.56,48.29,93.9,20.81,1.12,8.28,35.96,213,,,,,,
Mumbai,1/20/2020,89.26,181.54,49.49,47.23,93.54,22.7,1.3,10.52,41.83,205,,,,,,
Mumbai,1/21/2020,96.99,207.73,65,44.95,104.64,23.11,1.58,10.32,37.38,227,,,,,,
Mumbai,1/22/2020,78.69,173.23,71.62,42.07,110.22,22.24,1.49,11.8,37.74,192,,,,,,
Mumbai,1/23/2020,87.78,189.99,39.85,44.52,84.15,22.07,1.24,11.77,40.14,196,,,,,,
Mumbai,1/24/2020,73.57,163.95,36.83,40.8,76.32,20.89,1.17,11.7,39.02,172,,,,,,
Mumbai,1/25/2020,91.57,192.11,43.7,43.88,85.32,22.38,1.32,14.01,47.99,182,,,,,,
Mumbai,1/26/2020,103.35,210.51,47.34,43.92,88.43,22.89,1.4,13.46,39.74,253,,,,,,
Mumbai,1/27/2020,57.22,120.42,21.19,29,50.18,22.26,0.76,10.5,35.14,183,,,,,,
Mumbai,1/28/2020,25.47,81.69,27.08,21.6,45.51,19.6,0.64,8.01,22.79,94,,,,,,
Mumbai,1/29/2020,19.77,97,13.46,22.88,34.71,16.2,0.56,4.22,37.65,85,,,,,,
Mumbai,1/30/2020,52.66,141.65,25.75,38.17,62.06,17.89,0.84,8.11,42.4,123,,,,,,
Mumbai,1/31/2020,65.97,158.62,30.65,43.82,70.91,18.82,1.03,8.65,42.66,145,,,,,,
Mumbai,2/1/2020,72.14,168.79,31.63,46.68,75.13,19.18,1.12,7.48,41.77,154,,,,,,
Mumbai,2/2/2020,80.79,186.22,51.93,38.05,81.8,22.59,1.31,8.75,37.43,183,,,,,,
Mumbai,2/3/2020,83.47,165.19,36.72,35.54,67.27,23.47,1.28,6.21,35.33,192,,,,,,
Mumbai,2/4/2020,77.73,151.8,16.67,40.07,55.74,21.14,0.77,7.25,55.83,178,,,,,,
Mumbai,2/5/2020,60.91,153.38,36.17,47.47,82.28,20.72,0.96,9.38,41.6,151,,,,,,
Mumbai,2/6/2020,47.67,127.57,16.91,36.64,51.75,21.09,0.87,7.87,52.05,138,,,,,,
Mumbai,2/7/2020,49.35,136.21,32.11,39.96,68.25,20.77,0.9,9.22,46.27,129,,,,,,
Mumbai,2/8/2020,68.47,151.73,24.39,39.85,61.71,21.46,1,7.72,47.02,133,,,,,,
Mumbai,2/9/2020,68.29,144.61,14.68,31.18,44.17,20.06,1.03,9.26,44.3,142,,,,,,
Mumbai,2/10/2020,56.58,129.32,17.49,36.19,51.98,18.16,0.93,8.38,45.84,134,,,,,,
Mumbai,2/11/2020,60.95,143.87,26.37,38.82,62.47,19.31,1.05,8.71,39.01,130,,,,,,
Mumbai,2/12/2020,60.53,145.25,31.29,48.17,76.66,19.98,1.1,8.9,38.14,136,,,,,,
Mumbai,2/13/2020,67.91,152.14,43.06,52.26,94.87,20.6,1.11,8.5,41.11,144,,,,,,
Mumbai,2/14/2020,58.14,149.22,33.45,48.61,82.04,19.47,0.87,9.01,46.83,141,,,,,,
Mumbai,2/15/2020,53.27,151.37,37.35,45.62,82.97,19.77,0.88,9.59,36.31,141,,,,,,
Mumbai,2/16/2020,68.93,165.51,26.61,47.33,73.92,18.7,0.95,10.41,54.41,147,,,,,,
Mumbai,2/17/2020,102.48,212.49,40.65,54.75,95.3,21.74,1.3,9.46,54.43,234,,,,,,
Mumbai,2/18/2020,88.15,201.4,40.77,61.16,101.97,23.17,1.25,12.09,51.79,217,,,,,,
Mumbai,2/19/2020,92.5,212.28,52.42,59.13,110.76,30.49,1.32,14.81,47.26,224,,,,,,
Mumbai,2/20/2020,62.8,146.64,37.9,46.33,84.24,23.47,1,10.38,27.28,175,,,,,,
Mumbai,2/21/2020,39.37,100.68,26.82,35.82,62.63,23.77,0.75,9.11,23.71,110,,,,,,
Mumbai,2/22/2020,65.93,157.96,27.56,53.25,80.8,21.75,0.97,12.37,43.03,121,,,,,,
Mumbai,2/23/2020,77.63,194.83,37.84,57.94,95.9,21.11,1.19,13.28,47.06,185,,,,,,
Mumbai,2/24/2020,84.7,185.63,35.27,56.76,92.03,21.9,1.22,12.73,46.95,176,,,,,,
Mumbai,2/25/2020,48.01,152.41,38.95,49.44,86.91,20.22,0.95,11.32,32.01,170,,,,,,
Mumbai,2/26/2020,41.03,131.59,17.35,50.32,67.68,21.45,0.75,14.57,46.17,130,,,,,,
Mumbai,2/27/2020,51.74,144.95,27.45,57.91,85.28,23.77,0.92,15.46,50.93,136,,,,,,
Mumbai,2/28/2020,77.61,185.24,63.03,71.94,132.6,23.88,1.37,16.66,43.82,173,,,,,,
Mumbai,2/29/2020,74.98,183.77,61.44,58.47,120.01,26.05,1.24,16.08,27.98,193,,,,,,
Mumbai,3/1/2020,43.39,121.29,23.67,32.11,55.78,28.59,0.65,13.19,23.93,125,,,,,,
Mumbai,3/2/2020,52.18,142.49,49.03,28.46,77.28,21.12,0.77,16.93,19.25,123,,,,,,
Mumbai,3/3/2020,43.68,137.1,20.36,26.55,46.47,21.76,0.46,17.25,27.79,127,,,,,,
Mumbai,3/4/2020,36.73,122.49,21.57,27.93,48.46,19.32,0.52,15.98,27.16,118,,,,,,
Mumbai,3/5/2020,32.59,108.48,17.09,26.95,43.7,19.16,0.53,17.87,21.06,108,,,,,,
Mumbai,3/6/2020,20.15,105.77,21.05,19.07,40.01,17.49,0.43,17.17,18.27,102,,,,,,
Mumbai,3/7/2020,24.45,131.04,14.59,23.93,38.51,16.16,0.48,9.15,27.96,107,,,,,,
Mumbai,3/8/2020,27,125.15,20.26,31.81,52.07,14.65,0.57,9.73,30.18,122,,,,,,
Mumbai,3/9/2020,35.03,134.18,17.46,31.06,48.52,16.27,0.67,9.61,28.36,121,,,,,,
Mumbai,3/10/2020,40.47,125.98,19.71,20.36,39.93,18.29,0.77,12.7,22.31,128,,,,,,
Mumbai,3/11/2020,16.04,74.65,13.42,19.18,32.6,14.87,0.43,11.07,24.98,88,,,,,,
Mumbai,3/12/2020,18.59,80.55,17.93,24.74,42.67,14.78,0.49,10.72,22.72,80,,,,,,
Mumbai,3/13/2020,23.81,108.48,12.31,30.64,42.95,14.74,0.5,7.84,34.81,84,,,,,,
Mumbai,3/14/2020,30.33,126.36,11.69,34.81,46.5,15.92,0.58,7.96,41.79,117,,,,,,
Mumbai,3/15/2020,49.84,175.84,42.39,41.75,84.12,17.02,1.01,12.24,36,143,,,,,,
Mumbai,3/16/2020,57.99,190.49,42.84,53.12,95.94,22.98,1.24,14.86,40.61,154,,,,,,
Mumbai,3/17/2020,78.54,204.96,73.59,52.95,125.6,19.98,1.66,15.1,45.85,191,,,,,,
Mumbai,3/18/2020,52.03,150.71,47.33,42.38,89.72,20.92,1.02,11.79,40.01,167,,,,,,
Mumbai,3/19/2020,30.33,99.38,24.02,26.7,49.39,23.04,0.6,7.97,31.9,113,,,,,,
Mumbai,3/20/2020,21.08,84.44,32.78,14.85,45.69,22.48,0.5,6.6,19.03,91,,,,,,
Mumbai,3/21/2020,20.14,67.91,23.5,16.51,38.19,20.59,0.47,11,24.3,82,,,,,,
Mumbai,3/22/2020,16.75,53.27,12.44,9.46,20.96,16.68,0.36,12.08,27.87,67,,,,,,
Mumbai,3/23/2020,23.48,64.7,9.84,11.07,20.27,14.84,0.42,12.02,32.77,66,,,,,,
Mumbai,3/24/2020,35.58,92.81,10.91,12.34,22.74,13.82,0.52,8.75,38.04,86,,,,,,
Mumbai,3/25/2020,30.86,77.24,10.93,11.34,21.67,11.97,0.5,8.32,31.58,91,,,,,,
Mumbai,3/26/2020,27.82,65.48,11.52,11.3,21.6,11.6,0.43,10.16,26.73,71,,,,,,
Mumbai,3/27/2020,24.81,69.65,8.32,8.64,16.85,11.1,0.4,7.19,35.76,70,,,,,,
Mumbai,3/28/2020,28.14,67.46,7.49,11.9,19.07,11.2,0.48,7.55,38.94,78,,,,,,
Mumbai,3/29/2020,23.43,66.1,6.46,9.89,16.35,9.98,0.42,7.27,47.85,78,,,,,,
Mumbai,3/30/2020,23.57,63.65,7.59,9.66,17.25,9.82,0.43,6.86,39.26,77,,,,,,
Mumbai,3/31/2020,25.36,63.61,9.69,9,18.14,10.37,0.46,7.26,29.17,69,,,,,,
Mumbai,4/1/2020,20.08,58.94,9.72,7.77,17.03,10.35,0.4,6.55,31.73,63,,,,,,
Mumbai,4/2/2020,26.27,77.19,8.63,8.62,16.94,9.96,0.43,6.84,37.54,78,,,,,,
Mumbai,4/3/2020,24.33,83.88,8.18,7.58,15.5,9.2,0.39,6.49,29.94,85,,,,,,
Mumbai,4/4/2020,24.7,78.44,9.35,7.94,16.89,8.72,0.42,6.47,28.5,83,,,,,,
Mumbai,4/5/2020,27.36,73.53,10.76,8.48,18.47,8.25,0.44,6.67,28.81,78,,,,,,
Mumbai,4/6/2020,20.82,54.45,10.49,6.55,16.46,7.73,0.36,7.06,23.34,67,,,,,,
Mumbai,4/7/2020,24.1,79.61,12.88,6.24,18.28,7.31,0.36,7.06,18.93,62,,,,,,
Mumbai,4/8/2020,29.52,98.54,14.47,6.72,20.06,7.97,0.37,6.95,14.77,93,,,,,,
Mumbai,4/9/2020,28.3,93.39,14.81,6.81,20.89,9.05,0.38,8.89,15.14,95,,,,,,
Mumbai,4/10/2020,25.89,83.39,12.95,6.96,19.36,8.32,0.37,8.49,20.75,87,,,,,,
Mumbai,4/11/2020,29.54,82.21,12.22,7.98,19.82,6.82,0.44,7.97,21.8,81,,,,,,
Mumbai,4/12/2020,28.26,81.99,12.69,9.13,21.29,6.12,0.45,7.79,20.04,86,,,,,,
Mumbai,4/13/2020,25.58,75.31,14.18,9.18,22.44,6.31,0.44,7.39,16.16,79,,,,,,
Mumbai,4/14/2020,26.89,81.61,14.12,10.47,23.66,7.83,0.53,7.61,18.91,87,,,,,,
Mumbai,4/15/2020,26.61,66.58,14.66,9.77,23.66,8.03,0.72,7.78,19.93,85,,,,,,
Mumbai,4/16/2020,20.55,55.03,12.42,9.16,21.06,6.81,0.59,6.73,19.32,75,,,,,,
Mumbai,4/17/2020,20.54,53.53,15.73,7.89,22.75,6.21,0.64,6.36,16.09,73,,,,,,
Mumbai,4/18/2020,18.48,52.34,14.47,8.08,21.9,7.02,0.63,6.34,16.7,70,,,,,,
Mumbai,4/19/2020,19.99,63.75,12.36,9.07,21.07,7.11,0.65,6.79,21.48,74,,,,,,
Mumbai,4/20/2020,25.7,81,13.28,10.38,23.34,9.29,0.7,7.88,20.19,82,,,,,,
Mumbai,4/21/2020,18.64,54.81,15.42,6.97,21.67,10.49,0.57,7.59,23.39,76,,,,,,
Mumbai,4/22/2020,18.03,52.92,17.22,6.11,22.57,8.12,0.41,8.4,22.45,61,,,,,,
Mumbai,4/23/2020,19.8,54.84,18.58,6.99,24.9,7.04,0.4,10.28,19.66,67,,,,,,
Mumbai,4/24/2020,20.82,47.88,17.53,6.09,22.62,6.92,0.38,11.57,18.66,58,,,,,,
Mumbai,4/25/2020,16.78,44.63,15.01,6.5,20.87,6.74,0.32,12.46,23.08,57,,,,,,
Mumbai,4/26/2020,19.05,51.09,17.43,8.25,24.82,6.13,0.36,14.12,22.98,63,,,,,,
Mumbai,4/27/2020,17.23,45.04,15.92,5.72,20.66,6.06,0.34,14.37,17.94,60,,,,,,
Mumbai,4/28/2020,19.82,50.93,13.63,7.66,20.73,6.12,0.35,13.98,25.02,60,,,,,,
Mumbai,4/29/2020,21.01,57.68,19.66,6.68,28.03,5.42,0.36,14.49,24.01,77,,,,,,
Mumbai,4/30/2020,20.8,53.42,15.49,6.96,21.92,5.42,0.33,15.2,17.54,68,,,,,,
Mumbai,5/1/2020,15.53,43.76,14.86,5.54,19.46,5.4,0.31,14.47,18.53,61,,,,,,
Mumbai,5/2/2020,13.15,39.87,17.89,5.44,24.58,4.84,0.28,12.43,16.06,53,,,,,,
Mumbai,5/3/2020,12.02,34.64,15.73,5.28,19.74,5.47,0.27,12.04,15.22,53,,,,,,
Mumbai,5/4/2020,11.51,33.77,19.77,5.21,23.67,5.86,0.28,11.52,14.68,47,,,,,,
Mumbai,5/5/2020,11.2,42.66,24.49,6.59,28.82,6.16,0.29,10.62,16.25,51,,,,,,
Mumbai,5/6/2020,12.09,55.6,22.12,6.71,26.12,5.28,0.3,12.95,17.43,61,,,,,,
Mumbai,5/7/2020,14.3,52.48,23.01,6.24,25.71,4.3,0.35,20.98,19.58,65,,,,,,
Mumbai,5/8/2020,15.26,60.85,20.66,5.62,22.25,3.93,0.38,29.68,21.41,69,,,,,,
Mumbai,5/9/2020,14.21,54.67,17.02,5.12,18.7,4.03,0.3,32.49,21.56,67,,,,,,
Mumbai,5/10/2020,13.08,49.13,26.93,3.32,27.04,3.19,0.3,32.18,19.12,70,,,,,,
Mumbai,5/11/2020,16.85,57.84,28.97,6.4,32.83,3.6,0.36,28.8,18.86,75,,,,,,
Mumbai,5/12/2020,13.72,51.68,32.32,5.73,35.71,3.53,0.34,37.37,18.22,81,,,,,,
Mumbai,5/13/2020,14.67,53.52,21.01,7.35,27.59,3.73,0.28,29.05,19.43,74,,,,,,
Mumbai,5/14/2020,15.23,56.14,21.05,9.24,29.15,2.91,0.29,21.85,15.53,65,,,,,,
Mumbai,5/15/2020,17.67,62.36,19.37,9.47,28.12,4.07,0.31,26.61,15.69,70,,,,,,
Mumbai,5/16/2020,30.44,109.67,29.33,9.88,37.14,4.49,0.31,14.56,18.71,79,,,,,,
Mumbai,5/17/2020,29.74,110.21,17.76,8.21,23.7,4.38,0.28,13.73,23.93,119,,,,,,
Mumbai,5/18/2020,21.3,74.82,15.73,9.61,22.49,4.34,0.26,15.6,24.78,86,,,,,,
Mumbai,5/19/2020,15.36,65.41,22.2,9.44,28.68,4.19,0.28,14.24,19.74,74,,,,,,
Mumbai,5/20/2020,14.14,48.48,22.15,11.07,31.18,5.56,0.28,14.07,19.82,66,,,,,,
Mumbai,5/21/2020,16.44,43.01,15.41,12.93,26.23,4.12,0.27,12.22,20.84,57,,,,,,
Mumbai,5/22/2020,14.78,43.77,13.97,11.9,24.26,3.23,0.26,12.06,21.34,51,,,,,,
Mumbai,5/23/2020,15.18,52.48,16.39,10.89,27.1,3.29,0.29,10.33,18.87,55,,,,,,
Mumbai,5/24/2020,12.33,44.41,14.5,10.01,24.05,3.11,0.25,9.66,18.56,55,,,,,,
Mumbai,5/25/2020,11.81,53.97,13.1,9.36,21.39,3.07,0.25,8.85,19.15,54,,,,,,
Mumbai,5/26/2020,12.64,60.01,15.81,8.14,23.68,3.08,0.24,8.57,18.75,57,,,,,,
Mumbai,5/27/2020,11.7,49.07,16.71,8.74,25.38,4.51,0.21,6.44,19.01,59,,,,,,
Mumbai,5/28/2020,12.21,46.97,15.52,7.43,22.69,4.61,0.22,6.76,18.17,56,,,,,,
Mumbai,5/29/2020,7.33,30.7,14.79,7.02,21.64,3.74,0.26,7.58,17.14,50,,,,,,
Mumbai,5/30/2020,10.08,42.19,15.83,6.63,22.16,3.61,0.27,6.93,14.37,49,,,,,,
Mumbai,5/31/2020,8.99,41.07,13.06,6.51,19.4,3.39,0.31,6.9,15.63,53,,,,,,
Mumbai,6/1/2020,17.27,44.22,15.13,13.22,28.31,3.4,0.33,7.68,25.44,48,,,,,,
Mumbai,6/2/2020,21.94,46.59,13.56,16.61,30.17,4.66,0.43,7.71,23.44,52,,,,,,
Mumbai,6/3/2020,8.38,19.05,11.06,12.38,23.44,6.58,0.28,7.7,22.89,50,,,,,,
Mumbai,6/4/2020,20.53,47.52,14.01,15.73,29.74,6.41,0.34,10.03,17.66,48,,,,,,
Mumbai,6/5/2020,11.26,33.01,16.89,16.35,33.24,13.01,0.31,11.64,23.29,66,,,,,,
Mumbai,6/6/2020,9.38,30.27,16.51,10.81,27.32,12.51,0.28,11.76,14.98,46,,,,,,
Mumbai,6/7/2020,10.85,35.86,18.3,10.79,28.76,11.73,0.31,10.8,14.68,49,,,,,,
Mumbai,6/8/2020,8.92,25.63,13.86,13.93,27.72,11.24,0.33,11.19,20.42,50,,,,,,
Mumbai,6/9/2020,8.93,28.08,16.24,10.65,26.88,9.74,0.33,11.95,15.69,47,,,,,,
Mumbai,6/10/2020,10.43,34.98,18.59,8.75,27.17,7.54,0.33,12.71,12.88,48,,,,,,
Mumbai,6/11/2020,9,28.18,18.46,8.24,26.64,6.45,0.32,12.79,12.38,48,,,,,,
Mumbai,6/12/2020,10.46,31.78,20.73,11.19,31.51,8.08,0.38,13.66,10.47,52,,,,,,
Mumbai,6/13/2020,10.36,27.75,21.91,12.43,34.3,11.9,0.39,13.49,10.05,54,,,,,,
Mumbai,6/14/2020,9.87,25.02,18.38,12.87,31.24,10.7,0.38,10.2,10.15,51,,,,,,
Mumbai,6/15/2020,10.58,27.54,17.7,14.08,31.75,10.34,0.4,11.14,9.59,49,,,,,,
Mumbai,6/16/2020,9.59,22.68,16.53,13.97,30.5,10.33,0.44,11.24,13.5,54,,,,,,
Mumbai,6/17/2020,6.62,21.38,15.53,14.26,29.79,10.46,0.41,11.22,10.55,46,,,,,,
Mumbai,6/18/2020,7.46,26.97,20.39,16.02,36.41,10.77,0.43,10.89,8.84,50,,,,,,
Mumbai,6/19/2020,14.69,54.73,20.58,11.74,32.26,12.19,0.42,10.96,8.68,58,,,,,,
Mumbai,6/20/2020,11.97,52.15,14.78,8.43,23.03,10.46,0.34,10.72,8.3,61,,,,,,
Mumbai,6/21/2020,9.27,41,11.95,9.94,21.69,9.36,0.32,11.43,9.32,55,,,,,,
Mumbai,6/22/2020,12.61,47.23,15.68,10.56,26.17,9.03,0.39,8.82,8.49,51,,,,,,
Mumbai,6/23/2020,9.56,32.9,17.96,14.83,32.78,13.97,0.38,5.01,9.94,59,,,,,,
Mumbai,6/24/2020,8.73,30.22,22.24,11.76,34,12.7,0.4,4.77,9.34,55,,,,,,
Mumbai,6/25/2020,11.84,43.79,23.7,9.81,32.92,8.94,0.4,5.19,7.88,59,,,,,,
Mumbai,6/26/2020,13.82,47.1,25.81,8.6,33.63,17.45,0.42,7.66,6.02,57,,,,,,
Mumbai,6/27/2020,18.04,63.72,28.29,8.58,36.07,26.69,0.43,10.36,5.68,64,,,,,,
Mumbai,6/28/2020,12.33,44.84,27.15,8.06,34.78,26.5,0.38,10.58,5.76,64,,,,,,
Mumbai,6/29/2020,7.88,27.51,26.58,7.94,34.42,23.94,0.38,11.11,5.84,54,,,,,,
Mumbai,6/30/2020,4.66,13.87,25.25,8.02,33.25,19.89,0.36,13.4,6.94,54,,,,,,
Mumbai,7/1/2020,3.84,11.28,27.64,5.57,33.21,23.6,0.37,13.18,6.68,53,,,,,,
